{"name":"Aprende A Programar","short_name":"Aprende A Programar","start_url":"/index.html","display":"fullscreen","description":"Modernízate, no te quedes atrás, los nuevos empleos usan INFORMATICOS!","lang":"es","dir":"auto","theme_color":"#000000","background_color":"#000000","orientation":"any","icons":[{"src":"/assets/img/manifest-icon-192.maskable.png","sizes":"192x192","type":"image/png","purpose":"any"},{"src":"/assets/img/manifest-icon-512.maskable.png","sizes":"512x512","type":"image/png","purpose":"any"}],"scope":"/","categories":["education","productivity"],"related_applications":[{"platform":"play","url":"https://play.google.com/store/apps/details?id=com.playconsole.aprendeprogramar2","id":"com.playconsole.aprendeprogramar2"}],"id":"com.playconsole.aprendeprogramar2"}